sample_rank,dataset_idx,image_path,true_label,pred_label,correct,conf_severe,conf_human,conf_affected,output_file
1,3123,../data/processed/Severe_Damage/927096986310008832_0.jpg,Severe_Damage,Severe_Damage,True,0.9863768219947815,0.011342148296535015,0.002281004097312689,sample_001_true_Severe_D_pred_Severe_D_OK.png
2,2337,../data/processed/Severe_Damage/910616474959716353_0.jpg,Severe_Damage,Severe_Damage,True,0.9752200841903687,0.005002553574740887,0.01977740041911602,sample_002_true_Severe_D_pred_Severe_D_OK.png
3,2248,../data/processed/Severe_Damage/901688227647684609_0.jpg,Severe_Damage,Severe_Damage,True,0.9931414723396301,0.0043939552269876,0.002464558696374297,sample_003_true_Severe_D_pred_Severe_D_OK.png
4,1408,../data/processed/Severe_Damage/908454080749727746_0.jpg,Severe_Damage,Severe_Damage,True,0.9870790243148804,0.009454762563109398,0.003466202411800623,sample_004_true_Severe_D_pred_Severe_D_OK.png
5,2435,../data/processed/Severe_Damage/904228442194960384_0.jpg,Severe_Damage,Severe_Damage,True,0.9967579245567322,0.0011939207324758172,0.00204817415215075,sample_005_true_Severe_D_pred_Severe_D_OK.png
6,3235,../data/processed/Severe_Damage/909748542666887173_0.jpg,Severe_Damage,Severe_Damage,True,0.9755339622497559,0.018338480964303017,0.006127617321908474,sample_006_true_Severe_D_pred_Severe_D_OK.png
7,1123,../data/processed/Severe_Damage/905733262173102081_0.jpg,Severe_Damage,Severe_Damage,True,0.9921729564666748,0.0027061051223427057,0.00512092188000679,sample_007_true_Severe_D_pred_Severe_D_OK.png
8,3165,../data/processed/Humanitarian_Rescue/908792106310922240_1.jpg,Humanitarian_Rescue,Humanitarian_Rescue,True,0.06643849611282349,0.9064726233482361,0.02708888053894043,sample_008_true_Humanita_pred_Humanita_OK.png
9,181,../data/processed/Humanitarian_Rescue/904768633808846848_0.jpg,Humanitarian_Rescue,Humanitarian_Rescue,True,0.0018832541536539793,0.9962338805198669,0.001882860902696848,sample_009_true_Humanita_pred_Humanita_OK.png
10,3200,../data/processed/Humanitarian_Rescue/905188910720004096_0.jpg,Humanitarian_Rescue,Humanitarian_Rescue,True,0.04273485392332077,0.8873811960220337,0.06988389045000076,sample_010_true_Humanita_pred_Humanita_OK.png
11,3486,../data/processed/Humanitarian_Rescue/913479487228121089_0.jpg,Humanitarian_Rescue,Humanitarian_Rescue,True,0.047199130058288574,0.9374198317527771,0.01538106519728899,sample_011_true_Humanita_pred_Humanita_OK.png
12,2705,../data/processed/Humanitarian_Rescue/907933851300847616_0.jpg,Humanitarian_Rescue,Humanitarian_Rescue,True,0.004339366219937801,0.9763668179512024,0.019293826073408127,sample_012_true_Humanita_pred_Humanita_OK.png
13,3133,../data/processed/Humanitarian_Rescue/909494797085356032_0.jpg,Humanitarian_Rescue,Humanitarian_Rescue,True,0.002419693162664771,0.994840681552887,0.0027396134100854397,sample_013_true_Humanita_pred_Humanita_OK.png
14,2416,../data/processed/Humanitarian_Rescue/901705856202539009_0.jpg,Humanitarian_Rescue,Humanitarian_Rescue,True,0.47975215315818787,0.48329076170921326,0.03695711866021156,sample_014_true_Humanita_pred_Humanita_OK.png
15,1243,../data/processed/Affected_People/921543274426445824_0.jpg,Affected_People,Affected_People,True,0.14028885960578918,0.06738512217998505,0.7923259735107422,sample_015_true_Affected_pred_Affected_OK.png
16,1219,../data/processed/Affected_People/870168489759199233_0.jpg,Affected_People,Affected_People,True,0.2191559076309204,0.19380544126033783,0.5870386362075806,sample_016_true_Affected_pred_Affected_OK.png
17,1930,../data/processed/Affected_People/905423971826393090_0.jpg,Affected_People,Humanitarian_Rescue,False,0.028812183067202568,0.49906155467033386,0.47212618589401245,sample_017_true_Affected_pred_Humanita_ERR.png
18,3730,../data/processed/Affected_People/911892973570293761_0.jpg,Affected_People,Affected_People,True,0.16383527219295502,0.08332467824220657,0.7528400421142578,sample_018_true_Affected_pred_Affected_OK.png
19,3631,../data/processed/Affected_People/904830112671178757_0.jpg,Affected_People,Humanitarian_Rescue,False,0.013080475851893425,0.6897319555282593,0.29718759655952454,sample_019_true_Affected_pred_Humanita_ERR.png
20,1161,../data/processed/Affected_People/922124765346828288_0.jpg,Affected_People,Humanitarian_Rescue,False,0.011193668469786644,0.7259005904197693,0.2629057765007019,sample_020_true_Affected_pred_Humanita_ERR.png
21,2135,../data/processed/Affected_People/922497271710801920_0.jpg,Affected_People,Humanitarian_Rescue,False,0.04442306235432625,0.48754990100860596,0.4680269658565521,sample_021_true_Affected_pred_Humanita_ERR.png
